City_ID,City,Lat,Lng,Max Temp,Humidity,Cloudiness,Wind Speed,Country,Date
0,kapuskasing,49.4169,-82.4331,-17.580000000000013,92,100,3.65,CA,1705755888
1,saint-pierre,-21.3393,55.4781,29.470000000000027,74,75,6.69,RE,1705755680
2,waterboro,43.5356,-70.7151,-11.779999999999973,69,75,3.58,US,1705755889
3,tiksi,71.6872,128.8694,-32.31999999999999,95,99,4.83,RU,1705755890
4,sambava,-14.2667,50.1667,27.899999999999977,83,100,3.01,MG,1705755890
5,jianshui,23.6363,102.8264,14.019999999999982,64,28,2.07,CN,1705755891
6,yellowknife,62.456,-114.3525,-29.180000000000007,100,100,1.86,CA,1705755716
7,iqaluit,63.7506,-68.5145,-17.74000000000001,70,100,1.79,CA,1705755892
8,brookings,44.3114,-96.7984,-26.430000000000007,76,0,0.0,US,1705755845
9,sungai penuh,-2.0833,101.3833,18.379999999999995,97,80,0.28,ID,1705755893
10,hamilton,39.1834,-84.5333,-15.0,80,100,5.14,US,1705755893
11,puerto natales,-51.7236,-72.4875,14.899999999999977,41,40,11.83,CL,1705755814
12,kashgar,39.4547,75.9797,-1.660000000000025,44,6,2.77,CN,1705755894
13,adamstown,-25.066,-130.1015,23.74000000000001,81,88,6.46,PN,1705755738
14,invercargill,-46.4,168.35,14.660000000000025,84,93,2.24,NZ,1705755600
15,zeya,53.75,127.2667,-33.97,99,20,1.47,RU,1705755657
16,puerto ayora,-0.7393,-90.3518,24.95999999999998,98,61,1.34,EC,1705755896
17,boyabat,41.4689,34.7667,13.0,68,100,1.24,TR,1705755896
18,flying fish cove,-10.4217,105.6791,25.470000000000027,94,40,1.54,CX,1705755788
19,las varillas,-31.8721,-62.7195,23.689999999999998,46,0,4.35,AR,1705755897
20,saint-philippe,-21.3585,55.7679,29.420000000000016,82,90,2.0,RE,1705755898
21,tezu,27.9167,96.1667,14.870000000000005,40,9,2.11,IN,1705755898
22,grytviken,-54.2811,-36.5092,2.759999999999991,86,100,9.21,GS,1705755850
23,ashland,40.8167,-82.2665,-12.089999999999975,95,91,5.04,US,1705755899
24,bengkulu,-3.8004,102.2655,26.310000000000002,78,83,0.9,ID,1705755645
25,lebu,-37.6167,-73.65,14.730000000000018,69,0,8.9,CL,1705755875
26,lipovtsy,44.2014,131.7244,-18.97,80,98,4.28,RU,1705755900
27,port mathurin,-19.6833,63.4167,28.04000000000002,69,4,3.68,MU,1705755901
28,jasim,32.9923,36.0602,17.399999999999977,38,0,1.46,SY,1705755903
29,qaqortoq,60.7167,-46.0333,-12.810000000000002,78,0,2.06,GL,1705755903
30,whitehorse,60.7161,-135.0538,-30.52000000000001,99,74,0.55,CA,1705755905
31,ribeira grande,38.5167,-28.7,17.860000000000014,82,40,4.02,PT,1705755905
32,waitangi,-43.9535,-176.5597,17.879999999999995,94,100,3.13,NZ,1705755906
33,valparaiso,-33.0393,-71.6273,19.910000000000025,62,75,4.63,CL,1705755907
34,bandarbeyla,9.4942,50.8122,25.889999999999986,68,87,11.8,SO,1705755907
35,lodeynoye pole,60.726,33.5531,-19.5,100,22,1.4,RU,1705755908
36,la libertad,-2.2333,-80.9,26.45999999999998,78,75,2.06,EC,1705755910
37,udachny,66.4167,112.4,-25.97,92,100,0.85,RU,1705755910
38,kavaratti,10.5669,72.642,27.670000000000016,73,17,5.99,IN,1705755911
39,albany,42.6001,-73.9662,-12.199999999999989,71,100,7.15,US,1705755911
40,salalah,17.0151,54.0924,27.730000000000018,41,7,2.52,OM,1705755711
41,olyokminsk,60.3736,120.4264,-23.569999999999993,99,100,1.42,RU,1705755912
42,margaret river,-33.95,115.0667,16.939999999999998,90,2,4.24,AU,1705755891
43,chonchi,-42.6128,-73.8092,16.939999999999998,55,1,3.19,CL,1705755913
44,lompoc,34.6391,-120.4579,14.420000000000016,94,100,4.63,US,1705755914
45,nar'yan-mar,67.6713,53.087,-9.730000000000018,90,100,8.94,RU,1705755914
46,qandala,11.472,49.8728,25.70999999999998,69,40,6.08,SO,1705755915
47,gamba,-2.65,10.0,28.05000000000001,75,40,3.52,GA,1705755916
48,port-aux-francais,-49.35,70.2167,5.350000000000023,75,100,12.64,TF,1705755916
49,gornozavodsk,58.3758,58.3211,-3.579999999999984,96,100,4.31,RU,1705755917
50,saint joseph,39.7686,-94.8466,-22.27000000000001,84,0,0.0,US,1705755864
51,west island,-12.1568,96.8225,27.639999999999986,83,40,4.63,CC,1705755764
52,tokar,18.4254,37.729,26.319999999999993,60,97,6.78,SD,1705755918
53,saimbeyli,37.9863,36.0906,9.170000000000016,82,100,3.45,TR,1705755919
54,stornoway,58.2093,-6.3865,8.629999999999995,88,75,9.26,GB,1705755919
55,hastings,50.8552,0.5729,5.829999999999984,60,98,9.96,GB,1705755920
56,blackmans bay,-43.0167,147.3167,14.720000000000027,85,58,1.75,AU,1705755920
57,vilyuchinsk,52.9306,158.4028,0.7200000000000273,95,96,1.8,RU,1705755921
58,st. john's,47.5649,-52.7093,-3.25,84,100,4.92,CA,1705755921
59,anadyr,64.75,177.4833,-8.069999999999993,100,75,1.0,RU,1705755776
60,datong,40.0936,113.2914,-13.399999999999977,69,71,5.86,CN,1705755660
61,kavieng,-2.5744,150.7967,27.00999999999999,82,100,1.39,PG,1705755922
62,lata,40.1629,-8.3327,11.889999999999986,53,3,0.45,PT,1705755924
63,el abiodh sidi cheikh,32.893,0.5484,13.970000000000027,37,100,8.5,DZ,1705755924
64,carnarvon,-24.8667,113.6333,23.839999999999975,81,8,11.8,AU,1705755925
65,bethel,41.3712,-73.414,-8.720000000000027,62,100,2.57,US,1705755925
66,vernon,50.2581,-119.2691,-4.4599999999999795,85,100,0.16,CA,1705755926
67,edinburgh of the seven seas,-37.0676,-12.3116,16.129999999999995,73,42,3.0,SH,1705755927
68,punta arenas,-53.15,-70.9167,11.70999999999998,62,0,17.49,CL,1705755927
69,karratha,-20.7377,116.8463,26.810000000000002,76,35,7.17,AU,1705755928
70,avarua,-21.2078,-159.775,24.680000000000007,83,20,3.6,CK,1705755929
71,dauphin,51.1494,-100.0502,-24.69999999999999,95,100,2.75,CA,1705755929
72,hermanus,-34.4187,19.2345,24.860000000000014,64,0,3.98,ZA,1705755717
73,polyarnyy,69.1989,33.4478,-7.519999999999982,84,82,9.77,RU,1705755930
74,iskateley,67.6803,53.1512,-9.779999999999973,90,100,8.94,RU,1705755930
75,longyearbyen,78.2186,15.6401,-18.439999999999998,78,40,4.63,SJ,1705755931
76,sydney,-33.8679,151.2073,23.379999999999995,80,94,4.63,AU,1705755780
77,chinde,26.8418,88.0763,8.470000000000027,65,15,1.62,NP,1705755932
78,petropavlovsk-kamchatsky,53.0452,158.6483,-0.10000000000002274,93,98,7.6,RU,1705755932
79,papao,-17.75,-149.55,25.470000000000027,81,84,0.99,PF,1705755932
80,arkhangel'sk,64.5401,40.5433,-15.279999999999973,77,0,3.0,RU,1705755933
81,jalalabad,34.4265,70.4515,14.069999999999993,22,0,1.33,AF,1705755933
82,kharsia,21.9667,83.1167,21.569999999999993,62,92,1.4,IN,1705755930
83,fortuna,40.5982,-124.1573,12.839999999999975,94,100,8.23,US,1705755934
84,olonkinbyen,70.9221,-8.7187,0.160000000000025,73,100,11.69,SJ,1705755935
85,cide,41.8921,33.0044,11.079999999999984,91,100,2.3,TR,1705755935
86,kruisfontein,-34.0033,24.7314,32.420000000000016,30,0,4.79,ZA,1705755936
87,aswan,24.0934,32.907,27.029999999999973,14,0,4.13,EG,1705755758
88,hobyo,5.3505,48.5268,26.970000000000027,65,10,11.82,SO,1705755937
89,uzgen,40.7699,73.3007,0.8100000000000023,63,55,0.35,KG,1705755929
90,gwadar,25.1216,62.3254,24.00999999999999,44,57,4.17,PK,1705755938
91,tamanrasset,22.785,5.5228,25.600000000000023,4,0,1.03,DZ,1705755858
92,bredasdorp,-34.5322,20.0403,33.620000000000005,27,1,6.23,ZA,1705755860
93,zaozersk,69.4005,32.4476,-8.300000000000011,81,94,9.53,RU,1705755939
94,isafjordur,66.0755,-23.124,-1.329999999999984,93,100,2.06,IS,1705755939
95,moree,-29.4667,149.85,27.529999999999973,60,0,3.29,AU,1705755940
96,zelenoborskiy,66.845,32.3622,-19.889999999999986,97,60,2.13,RU,1705755940
97,sitka,57.0531,-135.33,1.589999999999975,80,100,4.12,US,1705755941
98,vytegra,61.0064,36.4481,-17.370000000000005,97,21,2.68,RU,1705755941
99,hawaiian paradise park,19.5933,-154.9731,20.779999999999973,96,0,2.06,US,1705755942
100,uturoa,-16.7333,-151.4333,26.600000000000023,75,100,1.68,PF,1705755942
101,thompson,55.7435,-97.8558,-23.50999999999999,98,100,2.86,CA,1705755942
102,wailua homesteads,22.0669,-159.378,23.089999999999975,84,75,5.66,US,1705755944
103,colac,-38.3333,143.5833,16.970000000000027,74,5,3.38,AU,1705755944
104,sisimiut,66.9395,-53.6735,-16.480000000000018,93,99,3.33,GL,1705755945
105,vorgashor,67.5833,63.95,-13.70999999999998,90,96,6.15,RU,1705755945
106,alofi,-19.0595,-169.9187,25.589999999999975,94,100,2.57,NU,1705755946
107,hadibu,12.65,54.0333,25.19999999999999,67,16,7.51,YE,1705755946
108,staufen,47.75,8.2167,-0.37000000000000455,83,0,2.7,DE,1705755947
109,susuman,62.7833,148.1667,-38.69,100,99,0.45,RU,1705755948
110,port lincoln,-34.7333,135.8667,16.30000000000001,78,0,7.45,AU,1705755948
111,georgetown,5.4112,100.3354,28.620000000000005,74,20,1.54,MY,1705755949
112,constantia,44.1833,28.65,0.040000000000020464,75,100,8.45,RO,1705755950
113,tidjikja,18.5564,-11.4271,29.379999999999995,7,98,4.6,MR,1705755950
114,aquiraz,-3.9014,-38.3911,30.69999999999999,60,97,4.98,BR,1705755875
115,smithers,54.7804,-127.1743,-11.170000000000016,85,100,2.06,CA,1705755934
116,bilibino,68.0546,166.4372,-20.349999999999994,100,95,1.29,RU,1705755952
117,devin,41.7433,24.4,-0.25,93,100,3.01,BG,1705755953
118,val-des-monts,45.6501,-75.666,-15.569999999999993,78,100,3.6,CA,1705755912
119,tazovsky,67.4667,78.7,-11.160000000000025,91,100,8.27,RU,1705755954
120,porto novo,6.4965,2.6036,32.55000000000001,33,0,3.53,BJ,1705755955
121,amos,48.5669,-78.1162,-17.29000000000002,93,100,3.72,CA,1705755704
122,jamestown,42.097,-79.2353,-9.579999999999984,89,100,2.06,US,1705755776
123,filipstad,59.7124,14.1683,-10.800000000000011,94,77,0.67,SE,1705755956
124,zhangye,38.9342,100.4517,-9.259999999999991,59,43,2.85,CN,1705755957
125,qui nhon,13.7667,109.2333,21.899999999999977,79,100,3.52,VN,1705755957
126,geraldton,-28.7667,114.6,22.879999999999995,83,100,5.66,AU,1705755958
127,nueva imperial,-38.7333,-72.95,14.009999999999991,51,0,2.17,CL,1705755709
128,hengchun,22.0042,120.7439,23.069999999999993,79,16,1.25,TW,1705755959
129,codrington,-38.2667,141.9667,14.949999999999989,96,12,3.65,AU,1705755959
130,kentau,43.5206,68.5094,-3.5,46,0,3.22,KZ,1705755960
131,ixtapa,20.7,-105.2,18.660000000000025,82,34,0.98,MX,1705755961
132,burela de cabo,43.65,-7.4,9.25,55,10,1.39,ES,1705755961
133,kalyazin,57.2403,37.8433,-14.410000000000025,98,95,2.06,RU,1705755962
134,mejit,10.2753,170.8646,26.24000000000001,81,100,9.12,MH,1705755962
135,gadzhiyevo,69.2551,33.3362,-7.6200000000000045,83,81,10.6,RU,1705755963
136,usogorsk,63.4106,48.6872,-11.089999999999975,87,100,3.44,RU,1705755964
137,tekari,24.9333,84.8333,14.769999999999982,43,0,2.25,IN,1705755965
138,alaghsas,17.0187,8.0168,30.589999999999975,7,0,8.23,NE,1705755965
139,penzance,50.1186,-5.5371,9.029999999999973,74,100,13.03,GB,1705755727
140,altamira,-3.2033,-52.2064,27.69999999999999,83,75,2.57,BR,1705755766
141,kodiak,57.79,-152.4072,2.3799999999999955,75,100,5.14,US,1705755885
142,igarka,67.4667,86.5833,-15.220000000000027,94,100,12.15,RU,1705755967
143,banda aceh,5.5577,95.3222,26.649999999999977,81,82,5.06,ID,1705755968
144,atafu village,-8.5421,-172.5159,28.879999999999995,74,100,4.92,TK,1705755969
145,nova sintra,14.8667,-24.7167,20.420000000000016,67,25,8.31,CV,1705755970
146,pabrade,55.0,25.7833,-3.5400000000000205,95,100,4.14,LT,1705755970
147,kunnattur,12.35,78.5167,25.600000000000023,57,96,3.19,IN,1705755971
148,severo-yeniseyskiy,60.3725,93.0408,-22.25,99,25,1.79,RU,1705755972
149,port alfred,-33.5906,26.891,27.170000000000016,61,0,13.15,ZA,1705755972
150,jolo,6.05,121.0167,25.089999999999975,88,99,2.93,PH,1705755973
151,new norfolk,-42.7826,147.0587,15.370000000000005,97,55,0.58,AU,1705755974
152,madalena,41.2162,-8.3345,10.970000000000027,53,0,0.85,PT,1705755974
153,fontanka,46.5626,30.8607,0.7799999999999727,73,100,7.34,UA,1705755975
154,utrik,11.2278,169.8474,25.689999999999998,81,100,9.94,MH,1705755975
155,ad darb,17.7229,42.2526,28.529999999999973,54,37,4.57,SA,1705755976
156,ilulissat,69.2167,-51.1,-13.339999999999975,78,100,8.75,GL,1705755977
157,puerto rosario,-24.45,-57.0833,30.420000000000016,65,86,0.59,PY,1705755977
158,mount isa,-20.7333,139.5,25.519999999999982,89,100,3.6,AU,1705755978
159,tura,25.5198,90.2201,13.639999999999986,65,0,0.68,IN,1705755978
160,badger,64.8,-147.5333,-23.210000000000008,71,0,0.0,US,1705755979
161,aasiaat,68.7098,-52.8699,-14.699999999999989,77,100,8.61,GL,1705755979
162,masterton,-40.9597,175.6575,20.819999999999993,94,100,1.64,NZ,1705755980
163,coquimbo,-29.9533,-71.3436,15.5,94,100,2.06,CL,1705755981
164,kanoya,31.3833,130.85,15.189999999999998,92,100,0.73,JP,1705755982
165,boende,-0.2167,20.8667,39.01999999999998,16,85,1.67,CD,1705755982
166,ciudad lazaro cardenas,17.9583,-102.2,24.769999999999982,63,100,1.91,MX,1705755983
167,estacion santa engracia,24.0159,-99.2015,10.70999999999998,55,98,4.02,MX,1705755984
168,ugoofaaru,5.6667,73.0,27.55000000000001,77,31,5.12,MV,1705755984
169,springs,-26.25,28.4,27.80000000000001,46,5,3.27,ZA,1705755985
170,sa kaeo,13.75,102.3333,27.75,34,3,1.06,TH,1705755986
171,ust-nera,64.5667,143.2,-41.389999999999986,99,89,0.22,RU,1705755986
172,newberry,34.2746,-81.6187,-3.6899999999999977,67,7,2.27,US,1705755987
173,labrador city,52.9463,-66.9114,-14.399999999999977,85,100,5.14,CA,1705755987
174,kijang,35.2442,129.2139,5.5,91,100,9.52,KR,1705755988
175,howrah,22.5892,88.3103,17.649999999999977,72,100,2.06,IN,1705755989
176,erenhot,43.6475,111.9767,-20.810000000000002,93,61,3.82,CN,1705755989
177,crane,31.3974,-102.3501,-4.350000000000023,38,92,4.73,US,1705755990
178,sale,34.0389,-6.8166,18.029999999999973,48,75,1.54,MA,1705755990
179,baiti,13.745,-14.7482,30.579999999999984,26,100,3.04,SN,1705755991
180,marquette,46.5333,-87.6335,-9.610000000000014,89,100,4.02,US,1705755991
181,colon,9.3592,-79.9014,25.160000000000025,81,20,8.94,PA,1705755992
182,as sulayyil,20.4607,45.5779,23.79000000000002,23,37,5.5,SA,1705755743
183,kasempa,-13.4584,25.8338,23.120000000000005,70,59,3.87,ZM,1705755993
184,stanley,54.868,-1.6985,6.189999999999998,84,40,8.75,GB,1705755994
185,inari,68.906,27.0288,-20.24000000000001,85,6,2.71,FI,1705755994
186,mersa matruh,31.3525,27.2453,25.75999999999999,10,0,6.17,EG,1705755995
187,enewetak,11.3474,162.3373,26.019999999999982,72,89,9.84,MH,1705755996
188,san nicolas,18.1725,120.5953,24.600000000000023,88,75,0.51,PH,1705755996
189,ghazni,33.5536,68.4269,2.1299999999999955,40,0,2.14,AF,1705755997
190,ancud,-41.8697,-73.8203,13.629999999999995,53,0,2.26,CL,1705755706
191,kununurra,-15.7667,128.7333,24.639999999999986,94,75,6.17,AU,1705755998
192,khandud,36.9513,72.318,-8.480000000000018,65,2,1.14,AF,1705755999
193,macherla,16.4833,79.4333,25.560000000000002,53,99,4.47,IN,1705756000
194,kirakira,-10.4544,161.9205,26.569999999999993,87,100,2.51,SB,1705756000
195,huangmei,30.1924,116.025,4.360000000000014,86,100,0.82,CN,1705756001
196,kristiansund,63.1115,7.732,-3.990000000000009,68,0,4.12,NO,1705756002
197,floro,61.5996,5.0328,-0.37000000000000455,80,75,8.75,NO,1705756002
198,portland,45.5234,-122.6762,2.480000000000018,80,100,1.79,US,1705755736
199,ripley,53.0333,-1.4,5.829999999999984,79,100,4.02,GB,1705756003
200,bubaque,11.2833,-15.8333,23.610000000000014,63,99,3.82,GW,1705756004
201,port moresby,-9.4431,147.1797,24.899999999999977,86,100,2.49,PG,1705756005
202,humberto de campos,-2.5983,-43.4611,29.819999999999993,66,79,3.97,BR,1705755905
203,xinyuan,37.3,99.0,-10.639999999999986,19,5,7.0,CN,1705756006
204,fale old settlement,-9.3852,-171.2468,28.80000000000001,71,100,4.81,TK,1705756006
205,ushuaia,-54.8,-68.3,7.439999999999998,91,95,2.74,AR,1705756007
206,carutapera,-1.195,-46.02,28.029999999999973,79,21,3.54,BR,1705756007
207,barah,13.7,30.3667,28.94999999999999,9,6,5.83,SD,1705756008
208,rabaul,-4.1967,152.1721,26.70999999999998,86,100,7.02,PG,1705756008
209,lichtenburg,-26.152,26.1597,27.519999999999982,18,100,0.74,ZA,1705756009
210,abepura,-2.6333,140.5833,24.100000000000023,94,20,1.54,ID,1705756010
211,santiago,-33.4569,-70.6483,28.139999999999986,38,0,3.6,CL,1705755886
212,togur,58.3631,82.8265,-19.710000000000008,99,15,1.79,RU,1705756011
213,kerikeri,-35.2268,173.9474,20.160000000000025,90,100,2.14,NZ,1705756011
214,burgos,42.3394,-3.7079,1.8799999999999955,60,0,3.6,ES,1705756012
215,williams lake,52.1415,-122.1445,-2.589999999999975,93,100,3.09,CA,1705755849
216,opuwo,-18.0607,13.84,33.29000000000002,18,20,1.0,NA,1705756013
217,noosa heads,-26.3833,153.15,26.379999999999995,88,22,2.91,AU,1705755899
218,nuuk,64.1835,-51.7216,-9.009999999999991,67,100,10.29,GL,1705755840
219,san luis,-33.295,-66.3356,26.879999999999995,38,0,1.9,AR,1705756014
220,khandyga,62.6667,135.6,-50.370000000000005,100,76,0.87,RU,1705756015
221,khash,28.2211,61.2158,14.259999999999991,26,9,2.87,IR,1705756016
222,nemuro,43.3236,145.575,-4.6200000000000045,52,99,4.94,JP,1705756016
223,lezoux,45.8269,3.3792,-1.5600000000000023,74,0,2.57,FR,1705756017
224,caleta olivia,-46.4393,-67.5281,19.519999999999982,35,70,3.56,AR,1705756017
225,acajutla,13.5928,-89.8275,25.379999999999995,68,0,2.94,SV,1705756018
226,papatowai,-46.5619,169.4708,12.069999999999993,95,31,1.84,NZ,1705756018
227,talnakh,69.4865,88.3972,-13.009999999999991,87,100,11.58,RU,1705756019
228,sao jose da coroa grande,-8.8978,-35.1478,29.310000000000002,63,83,4.56,BR,1705756019
229,katabu,-4.9333,122.5167,24.019999999999982,92,100,2.58,ID,1705756020
230,lihue,21.9789,-159.3672,23.420000000000016,84,75,5.66,US,1705756021
231,alice springs,-23.7,133.8833,29.399999999999977,59,100,0.89,AU,1705755753
232,caleta de carquin,-11.0925,-77.6267,22.519999999999982,84,95,3.34,PE,1705756022
233,saldanha,-33.0117,17.9442,22.399999999999977,67,18,5.39,ZA,1705756022
234,waingapu,-9.6567,120.2641,26.680000000000007,78,100,5.26,ID,1705756023
235,sao vicente,-23.9631,-46.3919,29.629999999999995,62,20,3.09,BR,1705755773
236,puerto baquerizo moreno,-0.9,-89.6,24.55000000000001,90,65,3.59,EC,1705756024
237,rio grande,-32.035,-52.0986,23.70999999999998,82,99,6.16,BR,1705756025
238,dhuusamarreeb,5.535,46.3861,34.379999999999995,19,97,10.25,SO,1705756025
239,shimoda,34.6667,138.95,6.930000000000007,93,100,8.92,JP,1705756026
240,naze,28.3667,129.4833,18.680000000000007,84,80,5.52,JP,1705756026
241,nong chik,6.8436,101.178,24.55000000000001,83,98,3.06,TH,1705756027
242,kas,36.2018,29.6377,18.110000000000014,71,99,4.08,TR,1705756027
243,gaspe,48.8334,-64.4819,-5.420000000000016,95,100,4.21,CA,1705756028
244,kingston,17.997,-76.7936,25.180000000000007,69,20,1.54,JM,1705756028
245,imbituba,-28.24,-48.6703,26.24000000000001,89,22,3.63,BR,1705756029
246,lubumbashi,-11.6609,27.4794,21.110000000000014,94,97,3.08,CD,1705756030
247,luderitz,-26.6481,15.1594,20.930000000000007,72,22,4.27,NA,1705756030
248,tanout,14.9709,8.8879,29.230000000000018,6,0,7.79,NE,1705756031
249,kill devil hills,36.0307,-75.676,-0.36000000000001364,65,0,3.6,US,1705756031
250,chibougamau,49.9168,-74.3659,-14.560000000000002,92,100,3.09,CA,1705756032
251,port elizabeth,-33.918,25.5701,27.05000000000001,59,3,2.24,ZA,1705756033
252,bamboo flat,11.7,92.7167,26.69999999999999,69,20,1.54,IN,1705756033
253,bejaia,36.7559,5.0843,14.600000000000023,81,88,7.64,DZ,1705756034
254,shindand,33.3029,62.1474,11.800000000000011,33,0,2.32,AF,1705756035
255,akureyri,65.6835,-18.0878,-3.0500000000000114,93,100,3.13,IS,1705756035
256,sabha,27.0377,14.4283,27.819999999999993,8,100,6.02,LY,1705756036
257,vysokiy,58.35,60.05,-2.480000000000018,90,100,4.29,RU,1705756036
258,ambon,-3.6954,128.1814,28.730000000000018,74,40,2.06,ID,1705756037
259,kirov,58.5966,49.6601,-8.360000000000014,92,100,0.89,RU,1705756037
260,college,64.8569,-147.8028,-23.169999999999987,64,40,0.0,US,1705756038
261,pisco,-13.7,-76.2167,22.680000000000007,83,20,2.57,PE,1705755869
262,buka,40.8108,69.1986,4.920000000000016,52,99,1.78,UZ,1705756039
263,lyepyel',54.8814,28.6932,-5.8799999999999955,95,86,2.34,BY,1705756040
264,wulingyuan,29.3494,110.5441,4.649999999999977,85,92,1.41,CN,1705756040
265,sittwe,20.15,92.9,20.870000000000005,64,52,7.42,MM,1705756041
266,salavan,15.7167,106.4167,22.0,63,17,1.35,LA,1705756042
267,dwarka,22.2394,68.9678,22.74000000000001,41,97,4.39,IN,1705756042
268,mascara,35.3966,0.1403,10.110000000000014,83,91,3.63,DZ,1705756043
269,lesko,49.4701,22.3304,3.3799999999999955,61,88,4.18,PL,1705756043
270,manokwari,-0.8667,134.0833,25.55000000000001,85,100,1.9,ID,1705756044
271,zhengjiatun,43.5064,123.5064,-16.45999999999998,90,100,6.15,CN,1705756045
272,cabo san lucas,22.8909,-109.9124,21.05000000000001,78,40,1.79,MX,1705756045
273,borogontsy,62.6683,131.1683,-49.849999999999994,100,82,1.41,RU,1705756046
274,agdas,40.65,47.4761,12.579999999999984,52,79,1.72,AZ,1705756047
275,paita,-5.0892,-81.1144,23.379999999999995,82,35,4.81,PE,1705756048
276,koryazhma,61.3143,47.1691,-12.069999999999993,99,100,1.25,RU,1705756048
277,tinghir,31.5157,-5.5343,14.990000000000009,28,35,2.38,MA,1705756049
278,dudinka,69.4058,86.1778,-12.779999999999973,83,100,14.75,RU,1705756050
279,bulawayo,-20.15,28.5833,18.29000000000002,66,94,5.71,ZW,1705756051
280,elk city,35.412,-99.4043,-11.970000000000027,85,0,2.57,US,1705756052
281,melfort,52.8667,-104.6177,-17.669999999999987,88,100,4.89,CA,1705756052
282,newman,37.3138,-121.0208,12.589999999999975,91,72,5.28,US,1705756053
283,puerto san jose,13.9256,-90.8244,23.95999999999998,73,0,1.57,GT,1705756053
284,kapa'a,22.0752,-159.319,23.829999999999984,84,75,5.66,US,1705756055
285,pelabuhanratu,-6.9875,106.5514,26.060000000000002,84,25,1.27,ID,1705756056
286,malpe,13.35,74.7167,28.25999999999999,74,0,4.21,IN,1705756056
287,beau vallon,-20.4189,57.6953,29.20999999999998,80,100,1.9,MU,1705756057
288,newport,51.5877,-2.9984,7.810000000000002,79,100,10.09,GB,1705756058
289,arraial do cabo,-22.9661,-42.0278,31.569999999999993,70,40,3.6,BR,1705756058
290,san antonio de pale,-1.4014,5.6325,27.220000000000027,78,5,2.41,GQ,1705756059
291,trairi,-3.2778,-39.2689,28.860000000000014,65,90,4.17,BR,1705755914
292,keflavik,64.0049,-22.5624,2.8899999999999864,81,75,8.23,IS,1705756060
293,port saint john's,-31.6229,29.5448,26.04000000000002,60,0,9.29,ZA,1705756061
294,bechar,31.6167,-2.2167,17.639999999999986,24,100,2.55,DZ,1705756061
295,egilsstadir,65.2653,-14.3948,-1.9399999999999977,95,100,2.62,IS,1705756062
296,rusape,-18.5278,32.1284,14.860000000000014,91,100,3.34,ZW,1705756062
297,prince rupert,54.3161,-130.3201,0.3299999999999841,85,100,2.79,CA,1705756063
298,tanjung pandan,-2.75,107.65,26.25,84,100,1.99,ID,1705756064
299,constitucion,-35.3333,-72.4167,18.55000000000001,51,0,2.53,CL,1705756064
300,bac lieu,9.285,105.7244,24.660000000000025,76,100,6.49,VN,1705756065
301,rawson,-43.3002,-65.1023,25.05000000000001,26,40,7.73,AR,1705756066
302,mahanoro,-19.9,48.8,26.779999999999973,84,100,3.38,MG,1705756067
303,quellon,-43.1167,-73.6167,13.269999999999982,69,0,5.31,CL,1705756067
304,chervyen',53.7059,28.4313,-5.180000000000007,96,100,3.29,BY,1705756068
305,hit,33.6416,42.8251,20.05000000000001,30,0,0.54,IQ,1705756068
306,namibe,-15.1961,12.1522,26.139999999999986,61,5,5.88,AO,1705756069
307,fort-shevchenko,44.5086,50.263,5.850000000000023,94,100,3.66,KZ,1705756070
308,sibiu,45.8,24.15,2.6399999999999864,60,0,2.06,RO,1705756071
309,tatarsk,55.219,75.9828,-24.169999999999987,95,5,2.02,RU,1705756071
310,puerto deseado,-47.7503,-65.8938,17.180000000000007,35,10,4.55,AR,1705756072
311,castillos,-34.1667,-53.8333,21.69999999999999,63,81,5.49,UY,1705756072
312,sarh,9.1429,18.3923,36.10000000000002,6,57,1.6,TD,1705756073
313,pahrump,36.2083,-115.9839,10.350000000000023,53,100,1.34,US,1705756074
314,acarau,-2.8856,-40.12,29.610000000000014,63,76,5.41,BR,1705756074
315,ta`u,-14.2336,-169.5144,27.839999999999975,79,100,4.18,AS,1705756075
316,sandnessjoen,66.0217,12.6316,-2.2900000000000205,93,100,5.66,NO,1705756075
317,yarmouth,41.7057,-70.2286,-7.009999999999991,67,0,7.6,US,1705756076
318,sabang,5.8933,95.3214,27.730000000000018,76,68,6.29,ID,1705756076
319,tobelo,1.7284,128.0095,24.930000000000007,89,100,1.71,ID,1705756077
320,ulaangom,49.9811,92.0667,-31.94999999999999,93,14,1.51,MN,1705756078
321,cooper's town,26.8667,-77.5167,21.00999999999999,64,100,7.64,BS,1705756078
322,dzhangala,49.2167,50.3333,0.0,86,100,7.35,KZ,1705756079
323,baotou,40.6522,109.8222,-15.170000000000016,75,14,4.84,CN,1705756079
324,mount gambier,-37.8333,140.7667,13.670000000000016,94,4,3.05,AU,1705756080
325,tsiombe,-25.3,45.4833,27.79000000000002,64,75,8.18,MG,1705756039
326,touros,-5.1989,-35.4608,30.149999999999977,56,11,5.16,BR,1705755957
327,remire-montjoly,4.9167,-52.2667,23.670000000000016,100,100,1.54,GF,1705756082
328,dunedin,-45.8742,170.5036,12.629999999999995,94,32,2.53,NZ,1705756082
329,juan griego,11.0817,-63.9655,29.720000000000027,70,5,6.17,VE,1705756083
330,metu,8.3,35.5833,28.45999999999998,28,69,1.8,ET,1705756083
331,belyy yar,53.6039,91.3903,-24.409999999999997,77,100,0.0,RU,1705756084
332,uacu cungo,-11.3634,15.1208,25.279999999999973,60,35,0.69,AO,1705756085
333,dakhla,23.6848,-15.958,19.029999999999973,72,0,10.13,EH,1705756085
334,aykhal,66.0,111.5,-27.710000000000008,86,95,1.07,RU,1705756086
335,mao,39.8885,4.2658,12.95999999999998,67,75,11.83,ES,1705756087
336,paracuru,-3.41,-39.0306,29.149999999999977,68,100,4.16,BR,1705756087
337,rongelap,11.1635,166.8941,25.779999999999973,78,100,9.95,MH,1705756088
338,shimanovsk,52.0,127.7,-30.129999999999995,96,10,0.5,RU,1705756089
339,fasa,28.9383,53.6482,15.170000000000016,24,81,2.31,IR,1705756089
340,sao joao da barra,-21.6403,-41.0511,34.69999999999999,80,100,5.02,BR,1705756090
341,ar rutbah,33.0381,40.2848,17.79000000000002,28,0,1.76,IQ,1705756091
342,praia da vitoria,38.7333,-27.0667,17.850000000000023,89,24,2.31,PT,1705756092
343,haiku-pauwela,20.9219,-156.3051,20.230000000000018,94,0,2.57,US,1705756093
344,lerwick,60.1545,-1.1494,6.649999999999977,88,100,10.58,GB,1705755938
345,vila franca do campo,37.7167,-25.4333,17.920000000000016,99,2,3.05,PT,1705756094
346,queenstown,-31.8976,26.8753,33.02999999999997,16,6,4.52,ZA,1705756022
347,khovd,48.0056,91.6419,-18.840000000000003,87,5,0.71,MN,1705756096
348,chetwayi,10.5333,76.05,27.529999999999973,73,13,4.72,IN,1705756096
349,rantepao,-2.9701,119.8978,20.430000000000007,96,100,1.25,ID,1705756097
350,pangody,65.85,74.4859,-9.889999999999986,93,100,7.22,RU,1705756097
351,ilha de mocambique,-15.0342,40.7358,28.649999999999977,76,100,4.83,MZ,1705756011
352,eyl,7.9803,49.8164,27.870000000000005,54,19,12.67,SO,1705756099
353,okhotsk,59.3833,143.3,-27.69999999999999,100,100,0.72,RU,1705756099
354,san patricio,28.017,-97.5169,2.339999999999975,46,0,4.81,US,1705756100
355,port hedland,-20.3167,118.5667,26.680000000000007,89,75,7.2,AU,1705755839
356,hovd,48.0056,91.6419,-18.840000000000003,87,5,0.71,MN,1705756096
357,hammerfest,70.6634,23.6821,-4.100000000000023,93,100,10.29,NO,1705756104
358,wangqing,43.3218,129.7634,-11.29000000000002,49,100,1.56,CN,1705756105
359,arenapolis,-14.4503,-56.8461,30.75999999999999,56,25,1.1,BR,1705756104
360,lospalos,-8.5186,127.0025,24.25999999999999,89,96,5.01,TL,1705756107
361,zaragoza,41.6561,-0.8773,7.990000000000009,51,0,1.34,ES,1705756101
362,burao,9.5221,45.5336,25.870000000000005,33,89,6.95,SO,1705756108
363,fisterra,42.9049,-9.2629,11.180000000000007,69,50,6.31,ES,1705756109
364,lesogorsk,56.0458,99.5136,-19.28,91,100,1.79,RU,1705756110
365,le pradet,43.1066,6.0172,10.79000000000002,63,100,3.09,FR,1705756110
366,westerland,54.9079,8.3033,5.660000000000025,81,75,8.23,DE,1705756111
367,awjilah,29.1081,21.2869,29.060000000000002,10,100,6.09,LY,1705756111
368,klyuchi,52.2667,79.1667,-17.129999999999995,94,21,1.79,RU,1705756112
369,belmonte,-15.8631,-38.8828,29.029999999999973,68,52,5.04,BR,1705756113
370,diapaga,12.0708,1.7889,34.79000000000002,6,0,2.96,BF,1705756113
371,conduaga,8.862,117.4893,25.610000000000014,81,9,1.96,PH,1705756114
372,pionerskiy,54.9508,20.2275,1.5600000000000023,94,100,8.32,RU,1705756114
373,fukuecho,32.6881,128.8419,13.25,89,100,3.08,JP,1705756115
374,timbuktu,16.7735,-3.0074,30.819999999999993,5,14,4.91,ML,1705756116
375,parral,26.9333,-105.6667,5.990000000000009,48,95,0.74,MX,1705755843
376,malango,-2.9627,119.9001,20.410000000000025,96,100,1.28,ID,1705756117
377,onguday,50.75,86.15,-20.180000000000007,94,11,1.04,RU,1705756118
378,happy valley-goose bay,53.3168,-60.3315,-5.180000000000007,74,100,3.09,CA,1705756119
379,san-pedro,4.7485,-6.6363,29.220000000000027,66,27,3.93,CI,1705756120
380,harper,4.375,-7.7169,28.879999999999995,66,41,3.4,LR,1705756120
381,minas de marcona,-15.2119,-75.1103,18.089999999999975,88,100,2.99,PE,1705756121
382,cabinda,-5.55,12.2,28.329999999999984,68,91,4.79,AO,1705756121
383,xuchang,34.0167,113.8167,-0.5400000000000205,73,100,3.13,CN,1705756122
384,trujillo,-8.116,-79.03,22.629999999999995,83,76,3.09,PE,1705756123
385,borrowash,52.9067,-1.3841,6.220000000000027,76,40,10.29,GB,1705756123
386,springfield,37.2153,-93.2982,-16.370000000000005,78,0,4.12,US,1705756124
387,labytnangi,66.6572,66.4183,-24.789999999999992,100,75,1.57,RU,1705756124
388,thames,-37.1333,175.5333,17.45999999999998,94,100,1.2,NZ,1705756125
389,al jawf,29.5,38.75,19.24000000000001,24,0,1.32,SA,1705756125
390,semnan,35.5729,53.3971,9.70999999999998,35,100,1.56,IR,1705756126
391,houghton,47.1219,-88.569,-8.639999999999986,87,100,5.14,US,1705756020
392,mountain home,43.133,-115.6912,1.3600000000000136,80,75,5.14,US,1705755842
393,vila velha,-20.3297,-40.2925,30.620000000000005,70,0,6.17,BR,1705756128
394,horizontina,-27.6258,-54.3078,26.329999999999984,76,16,2.43,BR,1705755904
395,la jolla,32.8473,-117.2742,13.550000000000011,94,100,1.79,US,1705756129
396,bahia honda,22.9036,-83.1592,22.680000000000007,85,100,4.8,CU,1705755975
397,mont-roig del camp,41.75,1.1833,10.29000000000002,66,3,2.05,ES,1705756130
398,agaro,7.85,36.65,25.120000000000005,48,100,1.14,ET,1705756130
399,aegina,37.7467,23.4275,17.910000000000025,65,100,1.62,GR,1705756131
400,winnemucca,40.973,-117.7357,4.2099999999999795,77,100,2.23,US,1705756129
401,east london,-33.0153,27.9116,26.25999999999999,62,0,11.02,ZA,1705756132
402,kailua-kona,19.6406,-155.9956,21.629999999999995,84,0,2.06,US,1705756133
403,alvorada,-12.48,-49.1247,30.899999999999977,58,24,1.54,BR,1705755950
404,yazman,29.1212,71.7446,16.720000000000027,18,79,2.29,PK,1705756134
405,hami,42.8,93.45,-9.430000000000007,72,0,2.46,CN,1705756134
406,barclayville,4.6797,-8.2339,32.06,52,30,3.27,LR,1705756135
407,show low,34.2542,-110.0298,3.8100000000000023,56,0,3.6,US,1705756135
408,acapulco de juarez,16.8634,-99.8901,24.55000000000001,83,100,2.06,MX,1705756136
409,biharamulo,-2.6319,31.3089,23.389999999999986,69,100,1.0,TZ,1705756136
410,parabel',58.6978,81.4825,-20.400000000000006,98,32,2.24,RU,1705756137
411,mpongwe,-13.5091,28.155,19.149999999999977,96,100,3.84,ZM,1705756138
412,gebeit,21.0667,36.3167,26.439999999999998,21,0,3.42,SD,1705756138
413,pampa,35.5362,-100.9599,-8.819999999999993,73,0,4.63,US,1705756028
414,deutschlandsberg,46.8153,15.2222,5.160000000000025,38,0,1.08,AT,1705756139
415,coahuayana de hidalgo,18.7,-103.6583,24.410000000000025,57,100,0.75,MX,1705756140
416,ocean shores,46.9737,-124.1563,6.839999999999975,89,40,4.63,US,1705756140
417,natal,-5.795,-35.2094,31.00999999999999,58,75,5.66,BR,1705756078
418,forster,-32.1667,152.5167,22.639999999999986,88,25,4.01,AU,1705756141
419,qinnan,33.2531,119.9133,2.3600000000000136,90,100,4.63,CN,1705756142
420,saint-leu,-21.15,55.2833,29.129999999999995,84,62,3.05,RE,1705756143
421,ondjiva,-17.0667,15.7333,34.20999999999998,26,6,0.36,AO,1705756143
422,afaahiti,-17.75,-149.2833,24.579999999999984,77,69,0.48,PF,1705756144
423,gucheng chengguanzhen,32.266,111.6348,3.670000000000016,75,16,2.1,CN,1705756144
424,lensk,60.7253,114.9278,-20.909999999999997,91,100,5.19,RU,1705756145
425,san julian,21.0167,-102.1667,10.279999999999973,40,100,2.55,MX,1705756145
426,putina,-15.4667,-69.4333,10.339999999999975,61,48,2.0,PE,1705756146
427,altai,46.3722,96.2583,-24.879999999999995,69,0,1.25,MN,1705756146
428,kourou,5.1552,-52.6478,23.680000000000007,87,35,5.51,GF,1705756147
429,extrema,-22.8547,-46.3183,21.30000000000001,90,100,2.47,BR,1705756148
430,catemaco,18.4167,-95.1167,19.379999999999995,96,100,5.22,MX,1705756148
431,aur,8.1499,171.1687,26.860000000000014,81,92,7.89,MH,1705756149
432,cadale,2.7603,46.3222,27.970000000000027,65,95,12.37,SO,1705756150
433,selfoss,63.9331,-20.9971,-0.029999999999972715,89,100,2.95,IS,1705756150
434,severoural'sk,60.1533,59.952,-4.25,86,100,2.24,RU,1705756151
435,tongouson,5.0214,120.1328,26.74000000000001,81,100,5.33,PH,1705756152
436,port blair,11.6667,92.75,26.670000000000016,69,20,1.54,IN,1705756152
437,savalou,7.9281,1.9756,36.55000000000001,9,0,2.78,BJ,1705756153
438,cacoal,-11.4386,-61.4472,24.160000000000025,93,100,1.23,BR,1705756154
439,klamath falls,42.2249,-121.7817,5.600000000000023,80,75,6.69,US,1705756053
440,odda,60.0691,6.5457,0.6299999999999955,95,100,3.06,NO,1705756155
441,mont-laurier,46.5501,-75.4993,-16.089999999999975,93,100,2.76,CA,1705756156
442,molde,62.7375,7.1591,-2.6899999999999977,86,0,3.09,NO,1705756156
443,cill airne,52.05,-9.5167,10.680000000000007,87,75,9.26,IE,1705756157
444,smirnovo,54.5125,69.4222,-19.97,93,98,3.22,KZ,1705756158
445,kalulushi,-12.8378,28.0919,22.569999999999993,81,100,3.53,ZM,1705756158
446,cam pha mines,21.0167,107.3,17.569999999999993,87,100,3.9,VN,1705756159
447,noumea,-22.2763,166.4572,24.639999999999986,86,46,2.09,NC,1705756160
448,lichinga,-13.3128,35.2406,17.310000000000002,97,100,1.84,MZ,1705756160
449,arrifes,37.7667,-25.7,16.829999999999984,82,20,4.63,PT,1705756161
450,galveston,29.3669,-94.9669,0.7599999999999909,65,5,2.68,US,1705756161
451,zhalantun,48.0,122.7167,-21.129999999999995,95,100,1.43,CN,1705756162
452,margate,51.3813,1.3862,5.0400000000000205,73,100,4.92,GB,1705755954
453,shevchenko,48.5,35.0,-0.839999999999975,71,100,5.11,UA,1705756163
454,saint-mandrier-sur-mer,43.078,5.929,10.870000000000005,67,100,3.09,FR,1705756164
455,mahibadhoo,3.7833,72.9667,27.50999999999999,74,5,5.47,MV,1705756164
456,torghay,49.6339,63.4981,-16.560000000000002,88,85,2.8,KZ,1705756165
457,malvan,16.0667,73.4667,25.149999999999977,70,3,6.18,IN,1705756166
458,totness,5.8833,-56.3167,26.80000000000001,76,10,5.88,SR,1705756167
459,san rafael,-34.6177,-68.3301,23.110000000000014,35,0,3.5,AR,1705756167
460,mbabane,-26.3167,31.1333,23.319999999999993,32,31,3.5,SZ,1705756032
461,sorong,-0.8833,131.25,27.269999999999982,79,100,1.81,ID,1705756169
462,kupang,-10.1667,123.5833,27.970000000000027,89,75,2.06,ID,1705756170
463,cacequi,-29.8836,-54.825,23.05000000000001,84,100,5.23,BR,1705756170
464,ola,59.5833,151.2833,-15.20999999999998,92,100,0.47,RU,1705756171
465,nicoya,10.1483,-85.452,24.19999999999999,79,1,4.27,CR,1705755996
466,calilegua,-23.7737,-64.77,24.170000000000016,95,100,0.71,AR,1705756172
467,kharp,66.8014,65.8081,-22.689999999999998,99,99,0.28,RU,1705756173
468,warmbad,-28.45,18.7333,37.81999999999999,11,5,3.83,NA,1705756173
469,christchurch,-43.5333,172.6333,19.04000000000002,49,2,1.54,NZ,1705756174
470,chipinge,-20.1883,32.6236,20.75999999999999,65,67,3.88,ZW,1705756174
471,peace river,56.2501,-117.286,-15.100000000000023,96,100,0.3,CA,1705756175
472,nikolayevsk-on-amure,53.1406,140.73,-30.30000000000001,93,8,0.98,RU,1705756175
473,aleg,17.0481,-13.9209,27.569999999999993,28,99,2.83,MR,1705756176
474,racine,42.7495,-88.0751,-14.519999999999982,82,5,2.68,US,1705756177
475,nantucket,41.2835,-70.0995,-7.269999999999982,58,0,6.69,US,1705756177
476,fallon,39.4735,-118.7774,6.579999999999984,63,100,3.6,US,1705756178
477,la ronge,55.1001,-105.2842,-17.909999999999997,90,100,3.24,CA,1705756178
478,hithadhoo,-0.6,73.0833,27.769999999999982,73,46,7.76,MV,1705756179
479,cidade velha,14.9167,-23.6167,26.910000000000025,47,75,9.77,CV,1705756179
480,hasaki,35.7333,140.8333,7.029999999999973,79,100,4.86,JP,1705756180
481,archangelos,36.2149,28.1149,18.149999999999977,80,99,5.63,GR,1705756181
482,grand-bassam,5.2118,-3.7388,30.629999999999995,63,26,4.65,CI,1705756181
483,milford haven,51.7128,-5.0341,8.04000000000002,87,100,13.94,GB,1705756182
484,zheleznogorsk,52.331,35.3711,-6.180000000000007,94,100,3.97,RU,1705756183
485,san luis de la loma,17.2706,-100.8939,24.660000000000025,56,100,1.52,MX,1705756183
486,utete,-7.986,38.758,25.24000000000001,94,100,0.98,TZ,1705756184
487,westport,41.1415,-73.3579,-7.819999999999993,60,0,3.09,US,1705756184
488,kaiama,9.6225,3.9481,35.14999999999998,7,0,2.78,NG,1705756185
489,kiunga,-6.1219,141.2906,23.50999999999999,99,100,1.17,PG,1705756185
490,saipan,15.1355,145.701,26.04000000000002,65,40,7.2,MP,1705756187
491,bernissart,50.4746,3.6496,0.20999999999997954,89,75,2.06,BE,1705756188
492,cockburn town,21.4612,-71.1419,25.370000000000005,80,0,6.86,TC,1705756188
493,carbonear,47.7332,-53.2148,-2.339999999999975,85,100,6.92,CA,1705756189
494,tarnogskiy gorodok,60.4997,43.5761,-16.939999999999998,98,100,1.35,RU,1705756189
495,karema,-6.8205,30.4389,26.69999999999999,66,14,4.15,TZ,1705756190
496,ajdabiya,30.7554,20.2263,26.230000000000018,14,100,4.55,LY,1705756190
497,kutum,14.2,24.6667,24.399999999999977,7,0,5.47,SD,1705756191
498,soio,-6.1349,12.3689,29.0,65,33,4.81,AO,1705756192
499,beledweyne,4.7358,45.2036,35.69,16,100,9.62,SO,1705756192
500,slave lake,55.2834,-114.769,-15.800000000000011,88,100,0.56,CA,1705756193
501,mulayjah,27.271,48.4242,21.529999999999973,29,5,4.66,SA,1705756193
502,daru,-9.0763,143.2092,26.94999999999999,85,100,1.8,PG,1705756194
503,keelung,25.1283,121.7419,18.589999999999975,91,100,6.28,TW,1705756194
504,tutzing,47.9094,11.2803,0.6200000000000045,75,0,1.03,DE,1705756195
505,al mayadin,35.0209,40.4535,19.089999999999975,32,3,0.48,SY,1705756196
506,cavelossim,15.1726,73.9419,26.639999999999986,74,0,5.35,IN,1705756196
507,berezovyy,51.6667,135.7,-28.379999999999995,94,6,1.3,RU,1705756197
508,galle,6.0367,80.217,26.389999999999986,82,50,0.39,LK,1705756136
509,abaete,-19.16,-45.4458,28.620000000000005,57,96,1.57,BR,1705756198
510,nanakuli,21.3906,-158.1547,22.680000000000007,94,0,2.06,US,1705756198
511,chagoda,59.164,35.3285,-17.319999999999993,98,46,0.89,RU,1705756199
512,kolokani,13.5728,-8.0339,34.24000000000001,7,6,2.59,ML,1705756039
513,riasi,33.0833,74.8333,11.470000000000027,37,7,0.47,IN,1705756200
514,pekanbaru,0.5333,101.45,26.829999999999984,94,20,3.6,ID,1705756201
515,reggane,26.7158,0.1714,26.95999999999998,6,100,1.59,DZ,1705756201
516,shubarshi,48.5872,57.1869,-6.850000000000023,79,100,8.56,KZ,1705756202
517,bowen,-20.0167,148.2333,27.95999999999998,78,100,5.59,AU,1705756203
518,rosalie,15.3667,-61.2667,25.120000000000005,82,55,7.56,DM,1705756203
519,jwaneng,-24.6004,24.7303,26.19999999999999,30,88,2.18,BW,1705756204
520,wajir,1.7471,40.0573,37.64999999999998,17,48,6.19,KE,1705756204
521,tadine,-21.55,167.8833,25.75,83,16,2.7,NC,1705756205
522,fernie,49.5,-115.0687,-5.769999999999982,97,100,1.07,CA,1705756205
523,lupiro,-8.3833,36.6667,28.50999999999999,70,100,1.56,TZ,1705756206
524,kone,-21.0595,164.8658,26.230000000000018,86,22,1.14,NC,1705756207
525,kirensk,57.7853,108.1119,-23.150000000000006,95,100,1.79,RU,1705756208
526,beroroha,-21.6667,45.1667,33.95999999999998,43,36,2.27,MG,1705756208
527,los osos,35.3111,-120.8324,14.379999999999995,95,100,2.24,US,1705756209
528,hinton,53.4001,-117.5857,-10.350000000000023,96,100,0.88,CA,1705756209
529,island harbour,50.724,-1.2758,7.509999999999991,71,92,4.47,GB,1705756211
530,conception bay south,47.4999,-52.9981,-3.3799999999999955,85,100,6.0,CA,1705756212
531,wanning,18.8003,110.3967,20.94999999999999,86,24,2.96,CN,1705756213
532,al khinzirah,31.0567,35.6017,15.350000000000023,34,4,1.37,JO,1705756214
533,midvagur,62.0511,-7.1939,5.110000000000014,87,100,6.17,FO,1705756215
534,sassandra,4.95,-6.0833,30.04000000000002,60,23,4.07,CI,1705756215
535,jiangyan,32.5061,120.1428,2.2099999999999795,94,100,4.8,CN,1705756216
536,salekhard,66.53,66.6019,-22.99000000000001,100,77,2.04,RU,1705756217
537,fort st. john,56.2499,-120.8529,-16.0,96,100,0.6,CA,1705756137
538,mohr,54.3528,9.7167,2.990000000000009,87,100,9.77,DE,1705756218
539,revda,56.801,59.9303,-2.490000000000009,76,100,3.93,RU,1705756219
540,anna regina,7.2644,-58.5077,25.829999999999984,84,9,5.76,GY,1705756219
541,luena,-11.7833,19.9167,25.660000000000025,58,79,2.31,AO,1705756220
542,krasnoturansk,54.3186,91.5639,-22.439999999999998,90,100,1.79,RU,1705756221
543,singaparna,-7.3515,108.111,23.089999999999975,89,82,1.08,ID,1705756221
544,agat village,13.3886,144.6585,26.70999999999998,69,75,8.75,GU,1705756222
545,chifeng,42.2683,118.9636,-16.569999999999993,86,100,3.75,CN,1705756223
546,simanggang,1.2472,111.4528,23.899999999999977,96,100,0.11,MY,1705756224
547,ust'-donetskiy,47.6419,40.8718,3.759999999999991,99,100,3.0,RU,1705756224
548,mizan teferi,6.9833,35.5833,22.589999999999975,58,100,1.34,ET,1705756225
549,sinop,41.7711,34.8709,11.389999999999986,70,100,1.67,TR,1705756145
550,yuzhno-kurilsk,44.0306,145.8556,-5.699999999999989,56,69,2.83,RU,1705756227
551,jinghong,21.991,100.7341,16.680000000000007,62,0,1.41,CN,1705756227
552,menongue,-14.6585,17.691,26.920000000000016,51,48,3.56,AO,1705756228
553,zouerate,22.7187,-12.4521,27.370000000000005,7,0,5.39,MR,1705756229
554,nanlong,31.3533,106.0631,8.939999999999998,70,100,3.48,CN,1705756229
555,novodvinsk,64.4165,40.8122,-15.470000000000027,93,13,2.95,RU,1705756230
556,tesistan,20.7833,-103.4833,14.220000000000027,31,92,1.51,MX,1705756231
557,mont-dore,-22.2833,166.5833,24.639999999999986,88,67,1.36,NC,1705756232
558,yashan,22.1975,109.9419,15.920000000000016,70,100,4.49,CN,1705756233
559,santa isabel,-23.3156,-46.2214,24.49000000000001,84,100,3.93,BR,1705756233
560,bafq,31.6128,55.4107,16.980000000000018,16,69,1.96,IR,1705756234
561,sinabang,2.4803,96.3801,26.730000000000018,83,75,2.54,ID,1705756235
562,kidal,18.4411,1.4078,30.319999999999993,5,21,6.04,ML,1705756235
563,preobrazheniye,42.9019,133.9064,-8.870000000000005,63,62,3.9,RU,1705756236
564,talara,-4.5772,-81.2719,25.069999999999993,78,0,8.23,PE,1705756237
565,ciudad satelite,19.5167,-99.25,8.220000000000027,56,100,1.88,MX,1705756237
566,souillac,-20.5167,57.5167,26.399999999999977,82,100,1.84,MU,1705756239
567,bonthe,7.5264,-12.505,31.420000000000016,56,29,3.7,SL,1705756239
568,tangua,-22.7303,-42.7142,31.069999999999993,63,75,1.67,BR,1705756240
569,kulhudhuffushi,6.6221,73.07,27.329999999999984,78,10,6.94,MV,1705756240
570,kolonia town,6.964,158.206,27.70999999999998,83,100,6.17,FM,1705756241
571,aldinga beach,-35.2793,138.4604,21.74000000000001,82,1,4.92,AU,1705756242
572,ulladulla,-35.35,150.4667,19.19999999999999,89,56,3.17,AU,1705756242
573,arteche,12.2645,125.4048,24.980000000000018,87,97,2.08,PH,1705756243
574,saladas,-28.2538,-58.6259,27.55000000000001,65,0,4.08,AR,1705756243
575,ilhabela,-23.7781,-45.3581,28.0,76,100,2.36,BR,1705756244
576,petauke,-14.2426,31.3253,18.620000000000005,93,100,4.08,ZM,1705756244
577,puerto santa,-8.9906,-78.6456,21.560000000000002,91,100,2.45,PE,1705756245
578,huarmey,-10.0681,-78.1522,22.75,85,73,2.86,PE,1705756246
579,aripuana,-9.1667,-60.6333,27.110000000000014,76,71,1.61,BR,1705756246
580,palora,-1.7,-77.9333,19.70999999999998,95,100,0.57,EC,1705756247
581,quelimane,-17.8786,36.8883,23.420000000000016,94,100,4.04,MZ,1705756247
582,mizdah,31.4451,12.9801,22.370000000000005,9,100,10.73,LY,1705756248
583,kangding,30.0513,101.9603,0.9200000000000159,65,56,1.52,CN,1705756248
584,chui,-33.6971,-53.4616,21.29000000000002,75,100,6.12,UY,1705756249
585,dolbeau-mistassini,48.8763,-72.212,-12.089999999999975,87,100,5.14,CA,1705756250
586,tucuma,-0.1833,-50.05,27.980000000000018,80,52,3.39,BR,1705756250
